"Bus_1118_(2, 2).jpg",0,0
"Bus_1119_(0, 0).jpg",0,0
"Bus_1119_(0, 1).jpg",0,0
"Bus_1119_(0, 2).jpg",0,0
"Bus_1119_(1, 0).jpg",0,0
"Bus_1119_(1, 1).jpg",1,1
"Bus_1119_(1, 2).jpg",0,0
"Bus_1119_(2, 0).jpg",0,0
"Bus_1119_(2, 1).jpg",0,0
"Bus_1119_(2, 2).jpg",0,0
"Bus_1120_(0, 0).jpg",0,0
"Bus_1120_(0, 1).jpg",0,1
"Bus_1120_(0, 2).jpg",1,1
"Bus_1120_(1, 0).jpg",0,0
"Bus_1120_(1, 1).jpg",0,1
"Bus_1120_(1, 2).jpg",0,1
"Bus_1120_(2, 0).jpg",0,0
"Bus_1120_(2, 1).jpg",0,0
"Bus_1120_(2, 2).jpg",0,0
"Bus_1121_(0, 0).jpg",0,0
"Bus_1121_(0, 1).jpg",0,0
"Bus_1121_(0, 2).jpg",0,0
"Bus_1121_(1, 0).jpg",0,0
"Bus_1121_(1, 1).jpg",0,1
"Bus_1121_(1, 2).jpg",0,0
"Bus_1121_(2, 0).jpg",0,0
"Bus_1121_(2, 1).jpg",1,1
"Bus_1121_(2, 2).jpg",0,0
"Bus_1122_(0, 0).jpg",0,0
"Bus_1122_(0, 1).jpg",0,1
"Bus_1122_(0, 2).jpg",0,0
"Bus_1122_(1, 0).jpg",0,1
"Bus_1122_(1, 1).jpg",1,1
"Bus_1122_(1, 2).jpg",0,0
"Bus_1122_(2, 0).jpg",0,0
"Bus_1122_(2, 1).jpg",0,0
"Bus_1122_(2, 2).jpg",0,0
"Bus_1123_(0, 0).jpg",0,0
"Bus_1123_(0, 1).jpg",0,0
"Bus_1123_(0, 2).jpg",0,0
"Bus_1123_(1, 0).jpg",0,0
"Bus_1123_(1, 1).jpg",1,1
"Bus_1123_(1, 2).jpg",1,1
"Bus_1123_(2, 0).jpg",0,0
"Bus_1123_(2, 1).jpg",0,0
"Bus_1123_(2, 2).jpg",1,1
"Bus_1124_(0, 0).jpg",0,0
"Bus_1124_(0, 1).jpg",0,1
"Bus_1124_(0, 2).jpg",0,1
"Bus_1124_(1, 0).jpg",0,0
"Bus_1124_(1, 1).jpg",0,1
"Bus_1124_(1, 2).jpg",0,1
"Bus_1124_(2, 0).jpg",0,0
"Bus_1124_(2, 1).jpg",0,0
"Bus_1124_(2, 2).jpg",0,0
"Bus_1125_(0, 0).jpg",1,1
"Bus_1125_(0, 1).jpg",0,1
"Bus_1125_(0, 2).jpg",0,0
"Bus_1125_(1, 0).jpg",0,0
"Bus_1125_(1, 1).jpg",0,0
"Bus_1125_(1, 2).jpg",0,0
"Bus_1125_(2, 0).jpg",0,0
"Bus_1125_(2, 1).jpg",0,0
"Bus_1125_(2, 2).jpg",0,0
"Bus_1126_(0, 0).jpg",0,1
"Bus_1126_(0, 1).jpg",1,1
"Bus_1126_(0, 2).jpg",0,1
"Bus_1126_(1, 0).jpg",0,1
"Bus_1126_(1, 1).jpg",1,1
"Bus_1126_(1, 2).jpg",0,1
"Bus_1126_(2, 0).jpg",0,0
"Bus_1126_(2, 1).jpg",0,0
"Bus_1126_(2, 2).jpg",0,0
"Bus_1127_(0, 0).jpg",0,0
"Bus_1127_(0, 1).jpg",0,0
"Bus_1127_(0, 2).jpg",0,0
"Bus_1127_(1, 0).jpg",0,0
"Bus_1127_(1, 1).jpg",0,0
"Bus_1127_(1, 2).jpg",0,0
"Bus_1127_(2, 0).jpg",0,1
"Bus_1127_(2, 1).jpg",0,1
"Bus_1127_(2, 2).jpg",0,1
"Bus_1128_(0, 0).jpg",0,0
"Bus_1128_(0, 1).jpg",0,0
"Bus_1128_(0, 2).jpg",0,0
"Bus_1128_(1, 0).jpg",0,0
"Bus_1128_(1, 1).jpg",1,1
"Bus_1128_(1, 2).jpg",0,0
"Bus_1128_(2, 0).jpg",0,0
"Bus_1128_(2, 1).jpg",1,1
"Bus_1128_(2, 2).jpg",0,0
"Bus_1129_(0, 0).jpg",0,0
"Bus_1129_(0, 1).jpg",0,0
"Bus_1129_(0, 2).jpg",0,0
"Bus_1129_(1, 0).jpg",0,0
"Bus_1129_(1, 1).jpg",1,1
"Bus_1129_(1, 2).jpg",1,1
"Bus_1129_(2, 0).jpg",0,0
"Bus_1129_(2, 1).jpg",0,0
"Bus_1129_(2, 2).jpg",0,0
"Bus_1130_(0, 0).jpg",0,0
"Bus_1130_(0, 1).jpg",0,0
"Bus_1130_(0, 2).jpg",0,0
"Bus_1130_(1, 0).jpg",0,0
"Bus_1130_(1, 1).jpg",0,1
"Bus_1130_(1, 2).jpg",0,0
"Bus_1130_(2, 0).jpg",0,0
"Bus_1130_(2, 1).jpg",0,0
"Bus_1130_(2, 2).jpg",0,0
"Bus_1131_(0, 0).jpg",0,0
"Bus_1131_(0, 1).jpg",0,0
"Bus_1131_(0, 2).jpg",0,1
"Bus_1131_(1, 0).jpg",0,1
"Bus_1131_(1, 1).jpg",0,1
"Bus_1131_(1, 2).jpg",0,1
"Bus_1131_(2, 0).jpg",0,1
"Bus_1131_(2, 1).jpg",0,1
"Bus_1131_(2, 2).jpg",0,1
"Bus_1132_(0, 0).jpg",0,0
"Bus_1132_(0, 1).jpg",0,0
"Bus_1132_(0, 2).jpg",0,0
"Bus_1132_(1, 0).jpg",0,0
"Bus_1132_(1, 1).jpg",0,1
"Bus_1132_(1, 2).jpg",0,1
"Bus_1132_(2, 0).jpg",0,0
"Bus_1132_(2, 1).jpg",0,0
"Bus_1132_(2, 2).jpg",0,0
"Bus_1133_(0, 0).jpg",0,0
"Bus_1133_(0, 1).jpg",0,0
"Bus_1133_(0, 2).jpg",0,0
"Bus_1133_(1, 0).jpg",0,1
"Bus_1133_(1, 1).jpg",0,1
"Bus_1133_(1, 2).jpg",1,1
"Bus_1133_(2, 0).jpg",0,0
"Bus_1133_(2, 1).jpg",0,0
"Bus_1133_(2, 2).jpg",0,0
"Bus_1134_(0, 0).jpg",0,0
"Bus_1134_(0, 1).jpg",0,0
"Bus_1134_(0, 2).jpg",0,0
"Bus_1134_(1, 0).jpg",0,0
"Bus_1134_(1, 1).jpg",0,1
"Bus_1134_(1, 2).jpg",1,1
"Bus_1134_(2, 0).jpg",0,0
"Bus_1134_(2, 1).jpg",0,0
"Bus_1134_(2, 2).jpg",0,0
"Bus_1135_(0, 0).jpg",0,0
"Bus_1135_(0, 1).jpg",0,0
"Bus_1135_(0, 2).jpg",0,0
"Bus_1135_(1, 0).jpg",0,0
"Bus_1135_(1, 1).jpg",1,1
"Bus_1135_(1, 2).jpg",0,1
"Bus_1135_(2, 0).jpg",0,0
"Bus_1135_(2, 1).jpg",0,0
"Bus_1135_(2, 2).jpg",0,0
"Bus_1136_(0, 0).jpg",0,0
"Bus_1136_(0, 1).jpg",0,1
"Bus_1136_(0, 2).jpg",0,0
"Bus_1136_(1, 0).jpg",0,1
"Bus_1136_(1, 1).jpg",0,1
"Bus_1136_(1, 2).jpg",0,0
"Bus_1136_(2, 0).jpg",0,0
"Bus_1136_(2, 1).jpg",0,0
"Bus_1136_(2, 2).jpg",0,0
"Bus_1137_(0, 0).jpg",0,0
"Bus_1137_(0, 1).jpg",0,0
"Bus_1137_(0, 2).jpg",0,1
"Bus_1137_(1, 0).jpg",0,0
"Bus_1137_(1, 1).jpg",0,0
"Bus_1137_(1, 2).jpg",0,1
"Bus_1137_(2, 0).jpg",0,0
"Bus_1137_(2, 1).jpg",0,0
"Bus_1137_(2, 2).jpg",0,1
"Bus_1138_(0, 0).jpg",0,0
"Bus_1138_(0, 1).jpg",0,0
"Bus_1138_(0, 2).jpg",0,0
"Bus_1138_(1, 0).jpg",0,0
"Bus_1138_(1, 1).jpg",0,0
"Bus_1138_(1, 2).jpg",1,1
"Bus_1138_(2, 0).jpg",0,0
"Bus_1138_(2, 1).jpg",0,0
"Bus_1138_(2, 2).jpg",1,1
"Bus_1139_(0, 0).jpg",0,0
"Bus_1139_(0, 1).jpg",0,1
"Bus_1139_(0, 2).jpg",0,1
"Bus_1139_(1, 0).jpg",0,0
"Bus_1139_(1, 1).jpg",0,0
"Bus_1139_(1, 2).jpg",0,0
"Bus_1139_(2, 0).jpg",0,0
"Bus_1139_(2, 1).jpg",0,0
"Bus_1139_(2, 2).jpg",0,0
"Bus_1140_(0, 0).jpg",0,0
"Bus_1140_(0, 1).jpg",0,0
"Bus_1140_(0, 2).jpg",0,0
"Bus_1140_(1, 0).jpg",0,0
"Bus_1140_(1, 1).jpg",0,0
"Bus_1140_(1, 2).jpg",0,0
"Bus_1140_(2, 0).jpg",0,1
"Bus_1140_(2, 1).jpg",0,1
"Bus_1140_(2, 2).jpg",0,1
"Bus_1141_(0, 0).jpg",0,0
"Bus_1141_(0, 1).jpg",0,0
"Bus_1141_(0, 2).jpg",0,0
"Bus_1141_(1, 0).jpg",0,0
"Bus_1141_(1, 1).jpg",0,0
"Bus_1141_(1, 2).jpg",0,0
"Bus_1141_(2, 0).jpg",0,1
"Bus_1141_(2, 1).jpg",1,1
"Bus_1141_(2, 2).jpg",0,0
"Bus_1142_(0, 0).jpg",0,1
"Bus_1142_(0, 1).jpg",1,1
"Bus_1142_(0, 2).jpg",0,0
"Bus_1142_(1, 0).jpg",0,1
"Bus_1142_(1, 1).jpg",0,1
"Bus_1142_(1, 2).jpg",1,0
"Bus_1142_(2, 0).jpg",0,0
"Bus_1142_(2, 1).jpg",0,0
"Bus_1142_(2, 2).jpg",0,0
"Bus_1143_(0, 0).jpg",0,0
"Bus_1143_(0, 1).jpg",0,1
"Bus_1143_(0, 2).jpg",0,0
"Bus_1143_(1, 0).jpg",0,0
"Bus_1143_(1, 1).jpg",0,0
"Bus_1143_(1, 2).jpg",0,0
"Bus_1143_(2, 0).jpg",0,0
"Bus_1143_(2, 1).jpg",0,0
"Bus_1143_(2, 2).jpg",0,0
"Bus_1144_(0, 0).jpg",0,0
"Bus_1144_(0, 1).jpg",0,1
"Bus_1144_(0, 2).jpg",0,1
"Bus_1144_(1, 0).jpg",0,0
"Bus_1144_(1, 1).jpg",0,0
"Bus_1144_(1, 2).jpg",0,0
"Bus_1144_(2, 0).jpg",0,0
"Bus_1144_(2, 1).jpg",0,0
"Bus_1144_(2, 2).jpg",0,0
"Bus_1145_(0, 0).jpg",0,1
"Bus_1145_(0, 1).jpg",0,1
"Bus_1145_(0, 2).jpg",1,1
"Bus_1145_(1, 0).jpg",1,1
"Bus_1145_(1, 1).jpg",0,1
"Bus_1145_(1, 2).jpg",0,0
"Bus_1145_(2, 0).jpg",0,1
"Bus_1145_(2, 1).jpg",0,0
"Bus_1145_(2, 2).jpg",0,0
"Bus_1146_(0, 0).jpg",0,0
"Bus_1146_(0, 1).jpg",1,1
"Bus_1146_(0, 2).jpg",0,1
"Bus_1146_(1, 0).jpg",0,0
"Bus_1146_(1, 1).jpg",0,1
"Bus_1146_(1, 2).jpg",0,1
"Bus_1146_(2, 0).jpg",0,0
"Bus_1146_(2, 1).jpg",0,0
"Bus_1146_(2, 2).jpg",0,0
"Bus_1147_(0, 0).jpg",1,1
"Bus_1147_(0, 1).jpg",1,1
"Bus_1147_(0, 2).jpg",0,1
"Bus_1147_(1, 0).jpg",1,1
"Bus_1147_(1, 1).jpg",0,1
"Bus_1147_(1, 2).jpg",0,1
"Bus_1147_(2, 0).jpg",0,0
"Bus_1147_(2, 1).jpg",0,0
"Bus_1147_(2, 2).jpg",0,0
"Bus_1148_(0, 0).jpg",0,1
"Bus_1148_(0, 1).jpg",0,1
"Bus_1148_(0, 2).jpg",0,1
"Bus_1148_(1, 0).jpg",0,0
"Bus_1148_(1, 1).jpg",0,0
"Bus_1148_(1, 2).jpg",0,0
"Bus_1148_(2, 0).jpg",0,0
"Bus_1148_(2, 1).jpg",0,0
"Bus_1148_(2, 2).jpg",0,0
"Bus_1149_(0, 0).jpg",0,0
"Bus_1149_(0, 1).jpg",0,0
"Bus_1149_(0, 2).jpg",0,0
"Bus_1149_(1, 0).jpg",0,0
"Bus_1149_(1, 1).jpg",0,0
"Bus_1149_(1, 2).jpg",0,1
"Bus_1149_(2, 0).jpg",0,0
"Bus_1149_(2, 1).jpg",0,1
"Bus_1149_(2, 2).jpg",0,1
"Bus_1150_(0, 0).jpg",0,0
"Bus_1150_(0, 1).jpg",0,0
"Bus_1150_(0, 2).jpg",0,0
"Bus_1150_(1, 0).jpg",0,0
"Bus_1150_(1, 1).jpg",0,1
"Bus_1150_(1, 2).jpg",0,0
"Bus_1150_(2, 0).jpg",0,0
"Bus_1150_(2, 1).jpg",0,0
"Bus_1150_(2, 2).jpg",0,0
"Bus_1151_(0, 0).jpg",0,0
"Bus_1151_(0, 1).jpg",0,0
"Bus_1151_(0, 2).jpg",0,0
"Bus_1151_(1, 0).jpg",0,0
"Bus_1151_(1, 1).jpg",0,0
"Bus_1151_(1, 2).jpg",0,0
"Bus_1151_(2, 0).jpg",1,1
"Bus_1151_(2, 1).jpg",0,0
"Bus_1151_(2, 2).jpg",0,0
"Bus_1152_(0, 0).jpg",0,0
"Bus_1152_(0, 1).jpg",0,0
"Bus_1152_(0, 2).jpg",0,0
"Bus_1152_(1, 0).jpg",0,0
"Bus_1152_(1, 1).jpg",0,0
"Bus_1152_(1, 2).jpg",0,0
"Bus_1152_(2, 0).jpg",0,0
"Bus_1152_(2, 1).jpg",0,0
"Bus_1152_(2, 2).jpg",0,0
"Bus_1153_(0, 0).jpg",0,0
"Bus_1153_(0, 1).jpg",0,0
"Bus_1153_(0, 2).jpg",0,0
"Bus_1153_(1, 0).jpg",0,0
"Bus_1153_(1, 1).jpg",1,1
"Bus_1153_(1, 2).jpg",1,1
"Bus_1153_(2, 0).jpg",0,0
"Bus_1153_(2, 1).jpg",0,0
"Bus_1153_(2, 2).jpg",0,0
"Bus_1154_(0, 0).jpg",0,0
"Bus_1154_(0, 1).jpg",0,0
"Bus_1154_(0, 2).jpg",0,0
"Bus_1154_(1, 0).jpg",1,1
"Bus_1154_(1, 1).jpg",0,0
"Bus_1154_(1, 2).jpg",0,0
"Bus_1154_(2, 0).jpg",0,0
"Bus_1154_(2, 1).jpg",0,0
"Bus_1154_(2, 2).jpg",0,0
"Bus_1155_(0, 0).jpg",0,1
"Bus_1155_(0, 1).jpg",0,1
"Bus_1155_(0, 2).jpg",0,1
"Bus_1155_(1, 0).jpg",0,1
"Bus_1155_(1, 1).jpg",0,1
"Bus_1155_(1, 2).jpg",0,1
"Bus_1155_(2, 0).jpg",0,1
"Bus_1155_(2, 1).jpg",0,0
"Bus_1155_(2, 2).jpg",0,0
"Bus_1156_(0, 0).jpg",0,1
"Bus_1156_(0, 1).jpg",0,1
"Bus_1156_(0, 2).jpg",0,1
"Bus_1156_(1, 0).jpg",0,1
"Bus_1156_(1, 1).jpg",0,1
"Bus_1156_(1, 2).jpg",0,1
"Bus_1156_(2, 0).jpg",0,1
"Bus_1156_(2, 1).jpg",0,1
"Bus_1156_(2, 2).jpg",1,1
"Bus_1157_(0, 0).jpg",0,0
"Bus_1157_(0, 1).jpg",0,1
"Bus_1157_(0, 2).jpg",0,1
"Bus_1157_(1, 0).jpg",0,0
"Bus_1157_(1, 1).jpg",0,0
"Bus_1157_(1, 2).jpg",0,0
"Bus_1157_(2, 0).jpg",0,0
"Bus_1157_(2, 1).jpg",0,0
"Bus_1157_(2, 2).jpg",0,0
"Bus_1158_(0, 0).jpg",0,0
"Bus_1158_(0, 1).jpg",0,0
"Bus_1158_(0, 2).jpg",0,0
"Bus_1158_(1, 0).jpg",1,1
"Bus_1158_(1, 1).jpg",1,1
"Bus_1158_(1, 2).jpg",0,1
"Bus_1158_(2, 0).jpg",0,0
"Bus_1158_(2, 1).jpg",0,0
"Bus_1158_(2, 2).jpg",0,0
"Bus_1159_(0, 0).jpg",0,1
"Bus_1159_(0, 1).jpg",0,1
"Bus_1159_(0, 2).jpg",0,1
"Bus_1159_(1, 0).jpg",0,1
"Bus_1159_(1, 1).jpg",0,1
"Bus_1159_(1, 2).jpg",0,1
"Bus_1159_(2, 0).jpg",0,0
"Bus_1159_(2, 1).jpg",0,0
"Bus_1159_(2, 2).jpg",0,0
"Bus_1160_(0, 0).jpg",0,0
"Bus_1160_(0, 1).jpg",0,0
"Bus_1160_(0, 2).jpg",0,0
"Bus_1160_(1, 0).jpg",0,0
"Bus_1160_(1, 1).jpg",0,1
"Bus_1160_(1, 2).jpg",1,1
"Bus_1160_(2, 0).jpg",0,0
"Bus_1160_(2, 1).jpg",0,1
"Bus_1160_(2, 2).jpg",0,1
"Bus_1161_(0, 0).jpg",0,0
"Bus_1161_(0, 1).jpg",0,0
"Bus_1161_(0, 2).jpg",0,0
"Bus_1161_(1, 0).jpg",1,0
"Bus_1161_(1, 1).jpg",1,1
"Bus_1161_(1, 2).jpg",0,1
"Bus_1161_(2, 0).jpg",0,0
"Bus_1161_(2, 1).jpg",0,0
"Bus_1161_(2, 2).jpg",0,0
"Bus_1162_(0, 0).jpg",0,0
"Bus_1162_(0, 1).jpg",0,1
"Bus_1162_(0, 2).jpg",0,0
"Bus_1162_(1, 0).jpg",0,1
"Bus_1162_(1, 1).jpg",0,1
"Bus_1162_(1, 2).jpg",0,0
"Bus_1162_(2, 0).jpg",0,0
"Bus_1162_(2, 1).jpg",0,0
"Bus_1162_(2, 2).jpg",0,0
"Bus_1163_(0, 0).jpg",1,1
"Bus_1163_(0, 1).jpg",0,0
"Bus_1163_(0, 2).jpg",0,0
"Bus_1163_(1, 0).jpg",0,0
"Bus_1163_(1, 1).jpg",0,0
"Bus_1163_(1, 2).jpg",0,0
"Bus_1163_(2, 0).jpg",0,0
"Bus_1163_(2, 1).jpg",0,0
"Bus_1163_(2, 2).jpg",0,0
"Bus_1164_(0, 0).jpg",0,0
"Bus_1164_(0, 1).jpg",0,0
"Bus_1164_(0, 2).jpg",0,0
"Bus_1164_(1, 0).jpg",0,0
"Bus_1164_(1, 1).jpg",0,0
"Bus_1164_(1, 2).jpg",1,0
"Bus_1164_(2, 0).jpg",0,0
"Bus_1164_(2, 1).jpg",0,1
"Bus_1164_(2, 2).jpg",1,1
"Bus_1165_(0, 0).jpg",0,0
"Bus_1165_(0, 1).jpg",0,0
"Bus_1165_(0, 2).jpg",0,1
"Bus_1165_(1, 0).jpg",0,0
"Bus_1165_(1, 1).jpg",0,0
"Bus_1165_(1, 2).jpg",0,1
"Bus_1165_(2, 0).jpg",0,0
"Bus_1165_(2, 1).jpg",0,0
"Bus_1165_(2, 2).jpg",0,0
"Bus_1166_(0, 0).jpg",0,0
"Bus_1166_(0, 1).jpg",0,1
"Bus_1166_(0, 2).jpg",0,1
"Bus_1166_(1, 0).jpg",0,0
"Bus_1166_(1, 1).jpg",0,1
"Bus_1166_(1, 2).jpg",0,1
"Bus_1166_(2, 0).jpg",0,0
"Bus_1166_(2, 1).jpg",0,0
"Bus_1166_(2, 2).jpg",0,0
"Bus_1167_(0, 0).jpg",0,0
"Bus_1167_(0, 1).jpg",0,0
"Bus_1167_(0, 2).jpg",0,0
"Bus_1167_(1, 0).jpg",0,0
"Bus_1167_(1, 1).jpg",1,1
"Bus_1167_(1, 2).jpg",0,1
"Bus_1167_(2, 0).jpg",0,0
"Bus_1167_(2, 1).jpg",0,0
"Bus_1167_(2, 2).jpg",0,0
"Bus_1168_(0, 0).jpg",0,0
"Bus_1168_(0, 1).jpg",0,0
"Bus_1168_(0, 2).jpg",0,0
"Bus_1168_(1, 0).jpg",0,0
"Bus_1168_(1, 1).jpg",1,1
"Bus_1168_(1, 2).jpg",1,1
"Bus_1168_(2, 0).jpg",0,0
"Bus_1168_(2, 1).jpg",0,0
"Bus_1168_(2, 2).jpg",0,0
"Bus_1169_(0, 0).jpg",0,0
"Bus_1169_(0, 1).jpg",0,0
"Bus_1169_(0, 2).jpg",0,0
"Bus_1169_(1, 0).jpg",0,0
"Bus_1169_(1, 1).jpg",0,1
"Bus_1169_(1, 2).jpg",0,1
"Bus_1169_(2, 0).jpg",0,0
"Bus_1169_(2, 1).jpg",0,0
"Bus_1169_(2, 2).jpg",0,0
"Bus_1170_(0, 0).jpg",0,0
"Bus_1170_(0, 1).jpg",0,1
"Bus_1170_(0, 2).jpg",0,0
"Bus_1170_(1, 0).jpg",1,0
"Bus_1170_(1, 1).jpg",0,0
"Bus_1170_(1, 2).jpg",0,0
"Bus_1170_(2, 0).jpg",0,0
"Bus_1170_(2, 1).jpg",0,0
"Bus_1170_(2, 2).jpg",0,0
"Bus_1171_(0, 0).jpg",0,0
"Bus_1171_(0, 1).jpg",0,0
"Bus_1171_(0, 2).jpg",0,0
"Bus_1171_(1, 0).jpg",0,0
"Bus_1171_(1, 1).jpg",0,1
"Bus_1171_(1, 2).jpg",1,1
"Bus_1171_(2, 0).jpg",0,0
"Bus_1171_(2, 1).jpg",0,0
"Bus_1171_(2, 2).jpg",0,0
"Bus_1172_(0, 0).jpg",0,0
"Bus_1172_(0, 1).jpg",0,0
"Bus_1172_(0, 2).jpg",0,0
"Bus_1172_(1, 0).jpg",0,0
"Bus_1172_(1, 1).jpg",0,0
"Bus_1172_(1, 2).jpg",0,0
"Bus_1172_(2, 0).jpg",0,0
"Bus_1172_(2, 1).jpg",1,1
"Bus_1172_(2, 2).jpg",0,0
"Bus_1173_(0, 0).jpg",0,0
"Bus_1173_(0, 1).jpg",0,0
"Bus_1173_(0, 2).jpg",0,0
"Bus_1173_(1, 0).jpg",0,0
"Bus_1173_(1, 1).jpg",0,0
"Bus_1173_(1, 2).jpg",0,0
"Bus_1173_(2, 0).jpg",0,0
"Bus_1173_(2, 1).jpg",0,1
"Bus_1173_(2, 2).jpg",0,1
"Bus_1174_(0, 0).jpg",0,0
"Bus_1174_(0, 1).jpg",0,0
"Bus_1174_(0, 2).jpg",0,1
"Bus_1174_(1, 0).jpg",0,0
"Bus_1174_(1, 1).jpg",0,0
"Bus_1174_(1, 2).jpg",0,0
"Bus_1174_(2, 0).jpg",0,0
"Bus_1174_(2, 1).jpg",0,0
"Bus_1174_(2, 2).jpg",0,0
"Bus_1175_(0, 0).jpg",0,0
"Bus_1175_(0, 1).jpg",0,0
"Bus_1175_(0, 2).jpg",0,0
"Bus_1175_(1, 0).jpg",1,1
"Bus_1175_(1, 1).jpg",1,1
"Bus_1175_(1, 2).jpg",1,1
"Bus_1175_(2, 0).jpg",0,0
"Bus_1175_(2, 1).jpg",0,0
"Bus_1175_(2, 2).jpg",0,0
"Bus_1176_(0, 0).jpg",0,1
"Bus_1176_(0, 1).jpg",1,1
"Bus_1176_(0, 2).jpg",0,0
"Bus_1176_(1, 0).jpg",0,0
"Bus_1176_(1, 1).jpg",0,0
"Bus_1176_(1, 2).jpg",0,0
"Bus_1176_(2, 0).jpg",0,0
"Bus_1176_(2, 1).jpg",0,0
"Bus_1176_(2, 2).jpg",0,0
"Bus_1177_(0, 0).jpg",0,0
"Bus_1177_(0, 1).jpg",0,0
"Bus_1177_(0, 2).jpg",0,0
"Bus_1177_(1, 0).jpg",0,0
"Bus_1177_(1, 1).jpg",0,1
"Bus_1177_(1, 2).jpg",0,0
"Bus_1177_(2, 0).jpg",0,0
"Bus_1177_(2, 1).jpg",0,0
"Bus_1177_(2, 2).jpg",0,0
"Bus_1178_(0, 0).jpg",0,0
"Bus_1178_(0, 1).jpg",1,1
"Bus_1178_(0, 2).jpg",0,1
"Bus_1178_(1, 0).jpg",0,0
"Bus_1178_(1, 1).jpg",0,1
"Bus_1178_(1, 2).jpg",0,1
"Bus_1178_(2, 0).jpg",0,0
"Bus_1178_(2, 1).jpg",0,0
"Bus_1178_(2, 2).jpg",0,0
"Bus_1179_(0, 0).jpg",0,0
"Bus_1179_(0, 1).jpg",0,0
"Bus_1179_(0, 2).jpg",0,0
"Bus_1179_(1, 0).jpg",0,1
"Bus_1179_(1, 1).jpg",0,0
"Bus_1179_(1, 2).jpg",0,0
"Bus_1179_(2, 0).jpg",1,1
"Bus_1179_(2, 1).jpg",0,0
"Bus_1179_(2, 2).jpg",0,0
"Bus_1180_(0, 0).jpg",0,0
"Bus_1180_(0, 1).jpg",0,0
"Bus_1180_(0, 2).jpg",0,0
"Bus_1180_(1, 0).jpg",0,0
"Bus_1180_(1, 1).jpg",1,1
"Bus_1180_(1, 2).jpg",0,0
"Bus_1180_(2, 0).jpg",0,0
"Bus_1180_(2, 1).jpg",0,0
"Bus_1180_(2, 2).jpg",0,0
"Bus_1181_(0, 0).jpg",0,0
"Bus_1181_(0, 1).jpg",0,0
"Bus_1181_(0, 2).jpg",0,0
"Bus_1181_(1, 0).jpg",0,0
"Bus_1181_(1, 1).jpg",1,1
"Bus_1181_(1, 2).jpg",0,0
"Bus_1181_(2, 0).jpg",1,0
"Bus_1181_(2, 1).jpg",0,0
"Bus_1181_(2, 2).jpg",0,0
"Bus_1182_(0, 0).jpg",0,0
"Bus_1182_(0, 1).jpg",1,1
"Bus_1182_(0, 2).jpg",1,1
"Bus_1182_(1, 0).jpg",0,0
"Bus_1182_(1, 1).jpg",0,1
"Bus_1182_(1, 2).jpg",1,1
"Bus_1182_(2, 0).jpg",0,0
"Bus_1182_(2, 1).jpg",1,1
"Bus_1182_(2, 2).jpg",0,1
"Bus_1183_(0, 0).jpg",0,0
"Bus_1183_(0, 1).jpg",0,0
"Bus_1183_(0, 2).jpg",0,0
"Bus_1183_(1, 0).jpg",0,0
"Bus_1183_(1, 1).jpg",1,1
"Bus_1183_(1, 2).jpg",0,0
"Bus_1183_(2, 0).jpg",0,0
"Bus_1183_(2, 1).jpg",0,0
"Bus_1183_(2, 2).jpg",0,0
"Bus_1184_(0, 0).jpg",0,0
"Bus_1184_(0, 1).jpg",0,0
"Bus_1184_(0, 2).jpg",0,0
"Bus_1184_(1, 0).jpg",0,0
"Bus_1184_(1, 1).jpg",0,0
"Bus_1184_(1, 2).jpg",0,0
"Bus_1184_(2, 0).jpg",1,1
"Bus_1184_(2, 1).jpg",0,1
"Bus_1184_(2, 2).jpg",0,1
"Bus_1185_(0, 0).jpg",0,0
"Bus_1185_(0, 1).jpg",0,0
"Bus_1185_(0, 2).jpg",0,0
"Bus_1185_(1, 0).jpg",0,0
"Bus_1185_(1, 1).jpg",0,0
"Bus_1185_(1, 2).jpg",0,0
"Bus_1185_(2, 0).jpg",0,0
"Bus_1185_(2, 1).jpg",0,0
"Bus_1185_(2, 2).jpg",0,0
"Bus_1186_(0, 0).jpg",0,1
"Bus_1186_(0, 1).jpg",0,0
"Bus_1186_(0, 2).jpg",0,0
"Bus_1186_(1, 0).jpg",1,1
"Bus_1186_(1, 1).jpg",0,1
"Bus_1186_(1, 2).jpg",0,1
"Bus_1186_(2, 0).jpg",0,0
"Bus_1186_(2, 1).jpg",0,0
"Bus_1186_(2, 2).jpg",0,1
"Bus_1187_(0, 0).jpg",0,0
"Bus_1187_(0, 1).jpg",0,0
"Bus_1187_(0, 2).jpg",0,0
"Bus_1187_(1, 0).jpg",1,1
"Bus_1187_(1, 1).jpg",1,1
"Bus_1187_(1, 2).jpg",1,1
"Bus_1187_(2, 0).jpg",0,0
"Bus_1187_(2, 1).jpg",0,0
"Bus_1187_(2, 2).jpg",0,0
"Bus_1188_(0, 0).jpg",0,0
"Bus_1188_(0, 1).jpg",0,0
"Bus_1188_(0, 2).jpg",0,0
"Bus_1188_(1, 0).jpg",0,0
"Bus_1188_(1, 1).jpg",0,0
"Bus_1188_(1, 2).jpg",1,1
"Bus_1188_(2, 0).jpg",0,0
"Bus_1188_(2, 1).jpg",0,0
"Bus_1188_(2, 2).jpg",0,1
"Bus_1189_(0, 0).jpg",0,0
"Bus_1189_(0, 1).jpg",1,1
"Bus_1189_(0, 2).jpg",1,1
"Bus_1189_(1, 0).jpg",0,0
"Bus_1189_(1, 1).jpg",0,0
"Bus_1189_(1, 2).jpg",0,0
"Bus_1189_(2, 0).jpg",0,0
"Bus_1189_(2, 1).jpg",0,0
"Bus_1189_(2, 2).jpg",0,0
"Bus_1190_(0, 0).jpg",0,0
"Bus_1190_(0, 1).jpg",0,0
"Bus_1190_(0, 2).jpg",1,1
"Bus_1190_(1, 0).jpg",0,0
"Bus_1190_(1, 1).jpg",0,1
"Bus_1190_(1, 2).jpg",0,1
"Bus_1190_(2, 0).jpg",0,0
"Bus_1190_(2, 1).jpg",0,0
"Bus_1190_(2, 2).jpg",0,1
"Bus_1191_(0, 0).jpg",0,0
"Bus_1191_(0, 1).jpg",0,1
"Bus_1191_(0, 2).jpg",0,1
"Bus_1191_(1, 0).jpg",0,1
"Bus_1191_(1, 1).jpg",0,1
"Bus_1191_(1, 2).jpg",0,1
"Bus_1191_(2, 0).jpg",0,1
"Bus_1191_(2, 1).jpg",0,1
"Bus_1191_(2, 2).jpg",0,0
"Bus_1192_(0, 0).jpg",0,0
"Bus_1192_(0, 1).jpg",0,1
"Bus_1192_(0, 2).jpg",0,0
"Bus_1192_(1, 0).jpg",0,0
"Bus_1192_(1, 1).jpg",0,1
"Bus_1192_(1, 2).jpg",0,0
"Bus_1192_(2, 0).jpg",0,0
"Bus_1192_(2, 1).jpg",0,0
"Bus_1192_(2, 2).jpg",0,0
"Bus_1193_(0, 0).jpg",0,1
"Bus_1193_(0, 1).jpg",0,0
"Bus_1193_(0, 2).jpg",0,0
"Bus_1193_(1, 0).jpg",0,1
"Bus_1193_(1, 1).jpg",0,1
"Bus_1193_(1, 2).jpg",0,0
"Bus_1193_(2, 0).jpg",0,1
"Bus_1193_(2, 1).jpg",0,0
"Bus_1193_(2, 2).jpg",0,0
"Bus_1194_(0, 0).jpg",0,0
"Bus_1194_(0, 1).jpg",0,1
"Bus_1194_(0, 2).jpg",0,1
"Bus_1194_(1, 0).jpg",0,0
"Bus_1194_(1, 1).jpg",0,1
"Bus_1194_(1, 2).jpg",0,0
"Bus_1194_(2, 0).jpg",0,0
"Bus_1194_(2, 1).jpg",0,0
"Bus_1194_(2, 2).jpg",0,0
"Bus_1195_(0, 0).jpg",0,0
"Bus_1195_(0, 1).jpg",0,0
"Bus_1195_(0, 2).jpg",0,0
"Bus_1195_(1, 0).jpg",1,1
"Bus_1195_(1, 1).jpg",1,1
"Bus_1195_(1, 2).jpg",1,1
"Bus_1195_(2, 0).jpg",0,0
"Bus_1195_(2, 1).jpg",0,0
"Bus_1195_(2, 2).jpg",0,0
"Bus_1196_(0, 0).jpg",0,0
"Bus_1196_(0, 1).jpg",0,0
"Bus_1196_(0, 2).jpg",0,0
"Bus_1196_(1, 0).jpg",0,0
"Bus_1196_(1, 1).jpg",0,0
"Bus_1196_(1, 2).jpg",0,0
"Bus_1196_(2, 0).jpg",0,0
"Bus_1196_(2, 1).jpg",0,1
"Bus_1196_(2, 2).jpg",1,1
"Bus_1197_(0, 0).jpg",0,0
"Bus_1197_(0, 1).jpg",0,0
"Bus_1197_(0, 2).jpg",0,0
"Bus_1197_(1, 0).jpg",0,0
"Bus_1197_(1, 1).jpg",0,0
"Bus_1197_(1, 2).jpg",0,0
"Bus_1197_(2, 0).jpg",0,1
"Bus_1197_(2, 1).jpg",0,1
"Bus_1197_(2, 2).jpg",0,0
"Bus_1198_(0, 0).jpg",0,0
"Bus_1198_(0, 1).jpg",1,1
"Bus_1198_(0, 2).jpg",0,1
"Bus_1198_(1, 0).jpg",1,0
"Bus_1198_(1, 1).jpg",1,1
"Bus_1198_(1, 2).jpg",1,1
"Bus_1198_(2, 0).jpg",0,0
"Bus_1198_(2, 1).jpg",0,0
"Bus_1198_(2, 2).jpg",0,0
"Bus_1199_(0, 0).jpg",0,0
"Bus_1199_(0, 1).jpg",0,0
"Bus_1199_(0, 2).jpg",0,1
"Bus_1199_(1, 0).jpg",0,0
"Bus_1199_(1, 1).jpg",0,0
"Bus_1199_(1, 2).jpg",1,1
"Bus_1199_(2, 0).jpg",0,0
"Bus_1199_(2, 1).jpg",0,0
"Bus_1199_(2, 2).jpg",0,0
"Bus_1200_(0, 0).jpg",1,1
"Bus_1200_(0, 1).jpg",1,1
"Bus_1200_(0, 2).jpg",0,0
"Bus_1200_(1, 0).jpg",0,1
"Bus_1200_(1, 1).jpg",0,1
"Bus_1200_(1, 2).jpg",0,0
"Bus_1200_(2, 0).jpg",0,0
"Bus_1200_(2, 1).jpg",0,0
"Bus_1200_(2, 2).jpg",0,0
"Bus_1201_(0, 0).jpg",0,0
"Bus_1201_(0, 1).jpg",0,0
"Bus_1201_(0, 2).jpg",0,0
"Bus_1201_(1, 0).jpg",0,1
"Bus_1201_(1, 1).jpg",1,1
"Bus_1201_(1, 2).jpg",0,0
"Bus_1201_(2, 0).jpg",0,0
"Bus_1201_(2, 1).jpg",0,0
"Bus_1201_(2, 2).jpg",0,0
"Bus_1202_(0, 0).jpg",0,0
"Bus_1202_(0, 1).jpg",0,1
"Bus_1202_(0, 2).jpg",1,1
"Bus_1202_(1, 0).jpg",1,0
"Bus_1202_(1, 1).jpg",1,1
"Bus_1202_(1, 2).jpg",0,1
"Bus_1202_(2, 0).jpg",0,0
"Bus_1202_(2, 1).jpg",0,0
"Bus_1202_(2, 2).jpg",0,0
"Bus_1203_(0, 0).jpg",1,1
"Bus_1203_(0, 1).jpg",1,1
"Bus_1203_(0, 2).jpg",1,1
"Bus_1203_(1, 0).jpg",0,0
"Bus_1203_(1, 1).jpg",0,0
"Bus_1203_(1, 2).jpg",0,0
"Bus_1203_(2, 0).jpg",0,0
"Bus_1203_(2, 1).jpg",0,0
"Bus_1203_(2, 2).jpg",0,0
"Bus_1204_(0, 0).jpg",0,0
"Bus_1204_(0, 1).jpg",0,0
"Bus_1204_(0, 2).jpg",0,0
"Bus_1204_(1, 0).jpg",1,1
"Bus_1204_(1, 1).jpg",1,1
"Bus_1204_(1, 2).jpg",1,1
"Bus_1204_(2, 0).jpg",0,0
"Bus_1204_(2, 1).jpg",0,0
"Bus_1204_(2, 2).jpg",0,0
"Bus_1205_(0, 0).jpg",0,0
"Bus_1205_(0, 1).jpg",0,0
"Bus_1205_(0, 2).jpg",0,0
"Bus_1205_(1, 0).jpg",0,0
"Bus_1205_(1, 1).jpg",0,0
"Bus_1205_(1, 2).jpg",0,0
"Bus_1205_(2, 0).jpg",0,0
"Bus_1205_(2, 1).jpg",0,1
"Bus_1205_(2, 2).jpg",0,0
"Bus_1206_(0, 0).jpg",0,0
"Bus_1206_(0, 1).jpg",0,1
"Bus_1206_(0, 2).jpg",0,1
"Bus_1206_(1, 0).jpg",0,0
"Bus_1206_(1, 1).jpg",0,0
"Bus_1206_(1, 2).jpg",1,1
"Bus_1206_(2, 0).jpg",0,0
"Bus_1206_(2, 1).jpg",0,0
"Bus_1206_(2, 2).jpg",0,0
"Bus_1207_(0, 0).jpg",1,1
"Bus_1207_(0, 1).jpg",1,1
"Bus_1207_(0, 2).jpg",0,0
"Bus_1207_(1, 0).jpg",0,0
"Bus_1207_(1, 1).jpg",0,0
"Bus_1207_(1, 2).jpg",0,0
"Bus_1207_(2, 0).jpg",0,0
"Bus_1207_(2, 1).jpg",0,0
"Bus_1207_(2, 2).jpg",0,0
"Bus_1208_(0, 0).jpg",0,1
"Bus_1208_(0, 1).jpg",1,1
"Bus_1208_(0, 2).jpg",0,0
"Bus_1208_(1, 0).jpg",0,1
"Bus_1208_(1, 1).jpg",0,0
"Bus_1208_(1, 2).jpg",0,0
"Bus_1208_(2, 0).jpg",0,1
"Bus_1208_(2, 1).jpg",0,0
"Bus_1208_(2, 2).jpg",0,0
"Bus_1209_(0, 0).jpg",0,0
"Bus_1209_(0, 1).jpg",1,1
"Bus_1209_(0, 2).jpg",0,1
"Bus_1209_(1, 0).jpg",0,0
"Bus_1209_(1, 1).jpg",0,1
"Bus_1209_(1, 2).jpg",0,1
"Bus_1209_(2, 0).jpg",0,0
"Bus_1209_(2, 1).jpg",0,0
"Bus_1209_(2, 2).jpg",0,0
"Bus_1210_(0, 0).jpg",0,0
"Bus_1210_(0, 1).jpg",0,1
"Bus_1210_(0, 2).jpg",0,1
"Bus_1210_(1, 0).jpg",0,0
"Bus_1210_(1, 1).jpg",0,1
"Bus_1210_(1, 2).jpg",0,1
"Bus_1210_(2, 0).jpg",0,0
"Bus_1210_(2, 1).jpg",0,1
"Bus_1210_(2, 2).jpg",0,1
"Bus_1211_(0, 0).jpg",1,1
"Bus_1211_(0, 1).jpg",0,0
"Bus_1211_(0, 2).jpg",0,0
"Bus_1211_(1, 0).jpg",1,1
"Bus_1211_(1, 1).jpg",0,0
"Bus_1211_(1, 2).jpg",0,0
"Bus_1211_(2, 0).jpg",0,0
"Bus_1211_(2, 1).jpg",0,0
"Bus_1211_(2, 2).jpg",0,0
"Bus_1212_(0, 0).jpg",0,0
"Bus_1212_(0, 1).jpg",0,0
"Bus_1212_(0, 2).jpg",0,0
"Bus_1212_(1, 0).jpg",1,1
"Bus_1212_(1, 1).jpg",1,1
"Bus_1212_(1, 2).jpg",1,1
"Bus_1212_(2, 0).jpg",0,0
"Bus_1212_(2, 1).jpg",0,0
"Bus_1212_(2, 2).jpg",0,0
"Bus_1213_(0, 0).jpg",1,1
"Bus_1213_(0, 1).jpg",1,1
"Bus_1213_(0, 2).jpg",1,1
"Bus_1213_(1, 0).jpg",0,0
"Bus_1213_(1, 1).jpg",0,0
"Bus_1213_(1, 2).jpg",0,0
"Bus_1213_(2, 0).jpg",0,0
"Bus_1213_(2, 1).jpg",0,0
"Bus_1213_(2, 2).jpg",0,0
"Bus_1214_(0, 0).jpg",0,0
"Bus_1214_(0, 1).jpg",0,0
"Bus_1214_(0, 2).jpg",0,0
"Bus_1214_(1, 0).jpg",1,1
"Bus_1214_(1, 1).jpg",1,1
"Bus_1214_(1, 2).jpg",1,1
"Bus_1214_(2, 0).jpg",0,0
"Bus_1214_(2, 1).jpg",0,0
"Bus_1214_(2, 2).jpg",0,0
"Bus_1215_(0, 0).jpg",0,0
"Bus_1215_(0, 1).jpg",0,0
"Bus_1215_(0, 2).jpg",0,0
"Bus_1215_(1, 0).jpg",1,1
"Bus_1215_(1, 1).jpg",1,1
"Bus_1215_(1, 2).jpg",1,0
"Bus_1215_(2, 0).jpg",0,0
"Bus_1215_(2, 1).jpg",0,0
"Bus_1215_(2, 2).jpg",0,0
"Bus_1216_(0, 0).jpg",0,0
"Bus_1216_(0, 1).jpg",0,0
"Bus_1216_(0, 2).jpg",0,0
"Bus_1216_(1, 0).jpg",1,1
"Bus_1216_(1, 1).jpg",0,0
"Bus_1216_(1, 2).jpg",1,1
"Bus_1216_(2, 0).jpg",1,1
"Bus_1216_(2, 1).jpg",0,0
"Bus_1216_(2, 2).jpg",0,0
"Bus_1217_(0, 0).jpg",0,0
"Bus_1217_(0, 1).jpg",0,0
"Bus_1217_(0, 2).jpg",0,0
"Bus_1217_(1, 0).jpg",1,1
"Bus_1217_(1, 1).jpg",1,1
"Bus_1217_(1, 2).jpg",0,0
"Bus_1217_(2, 0).jpg",1,1
"Bus_1217_(2, 1).jpg",1,0
"Bus_1217_(2, 2).jpg",0,0
"Bus_1218_(0, 0).jpg",0,0
"Bus_1218_(0, 1).jpg",0,0
"Bus_1218_(0, 2).jpg",0,0
"Bus_1218_(1, 0).jpg",0,0
"Bus_1218_(1, 1).jpg",1,1
"Bus_1218_(1, 2).jpg",0,0
"Bus_1218_(2, 0).jpg",0,0
"Bus_1218_(2, 1).jpg",1,0
