"Motorcycle_1_(0, 0).jpg",0,0
"Motorcycle_1_(0, 1).jpg",0,0
"Motorcycle_1_(0, 2).jpg",0,0
"Motorcycle_1_(1, 0).jpg",0,0
"Motorcycle_1_(1, 1).jpg",0,0
"Motorcycle_1_(1, 2).jpg",0,1
"Motorcycle_1_(2, 0).jpg",0,0
"Motorcycle_1_(2, 1).jpg",0,0
"Motorcycle_1_(2, 2).jpg",0,0
"Motorcycle_2_(0, 0).jpg",0,0
"Motorcycle_2_(0, 1).jpg",0,0
"Motorcycle_2_(0, 2).jpg",0,0
"Motorcycle_2_(1, 0).jpg",0,1
"Motorcycle_2_(1, 1).jpg",1,1
"Motorcycle_2_(1, 2).jpg",0,0
"Motorcycle_2_(2, 0).jpg",0,0
"Motorcycle_2_(2, 1).jpg",0,0
"Motorcycle_2_(2, 2).jpg",0,0
"Motorcycle_3_(0, 0).jpg",0,0
"Motorcycle_3_(0, 1).jpg",0,0
"Motorcycle_3_(0, 2).jpg",0,0
"Motorcycle_3_(1, 0).jpg",0,0
"Motorcycle_3_(1, 1).jpg",0,1
"Motorcycle_3_(1, 2).jpg",0,0
"Motorcycle_3_(2, 0).jpg",0,0
"Motorcycle_3_(2, 1).jpg",0,0
"Motorcycle_3_(2, 2).jpg",0,0
"Motorcycle_4_(0, 0).jpg",0,0
"Motorcycle_4_(0, 1).jpg",0,0
"Motorcycle_4_(0, 2).jpg",0,0
"Motorcycle_4_(1, 0).jpg",0,1
"Motorcycle_4_(1, 1).jpg",0,1
"Motorcycle_4_(1, 2).jpg",0,0
"Motorcycle_4_(2, 0).jpg",0,1
"Motorcycle_4_(2, 1).jpg",0,1
"Motorcycle_4_(2, 2).jpg",0,0
"Motorcycle_5_(0, 0).jpg",1,1
"Motorcycle_5_(0, 1).jpg",0,0
"Motorcycle_5_(0, 2).jpg",0,0
"Motorcycle_5_(1, 0).jpg",0,1
"Motorcycle_5_(1, 1).jpg",0,0
"Motorcycle_5_(1, 2).jpg",0,0
"Motorcycle_5_(2, 0).jpg",0,0
"Motorcycle_5_(2, 1).jpg",0,0
"Motorcycle_5_(2, 2).jpg",0,0
"Motorcycle_6_(0, 0).jpg",0,0
"Motorcycle_6_(0, 1).jpg",0,0
"Motorcycle_6_(0, 2).jpg",0,0
"Motorcycle_6_(1, 0).jpg",1,1
"Motorcycle_6_(1, 1).jpg",1,1
"Motorcycle_6_(1, 2).jpg",0,0
"Motorcycle_6_(2, 0).jpg",0,1
"Motorcycle_6_(2, 1).jpg",0,1
"Motorcycle_6_(2, 2).jpg",0,0
"Motorcycle_7_(0, 0).jpg",0,0
"Motorcycle_7_(0, 1).jpg",0,0
"Motorcycle_7_(0, 2).jpg",0,0
"Motorcycle_7_(1, 0).jpg",0,0
"Motorcycle_7_(1, 1).jpg",1,1
"Motorcycle_7_(1, 2).jpg",0,0
"Motorcycle_7_(2, 0).jpg",0,1
"Motorcycle_7_(2, 1).jpg",0,0
"Motorcycle_7_(2, 2).jpg",0,0
"Motorcycle_8_(0, 0).jpg",0,0
"Motorcycle_8_(0, 1).jpg",0,0
"Motorcycle_8_(0, 2).jpg",0,0
"Motorcycle_8_(1, 0).jpg",0,1
"Motorcycle_8_(1, 1).jpg",1,0
"Motorcycle_8_(1, 2).jpg",0,0
"Motorcycle_8_(2, 0).jpg",0,0
"Motorcycle_8_(2, 1).jpg",0,0
"Motorcycle_8_(2, 2).jpg",0,0
"Motorcycle_9_(0, 0).jpg",1,1
"Motorcycle_9_(0, 1).jpg",0,0
"Motorcycle_9_(0, 2).jpg",0,0
"Motorcycle_9_(1, 0).jpg",1,1
"Motorcycle_9_(1, 1).jpg",0,1
"Motorcycle_9_(1, 2).jpg",0,0
"Motorcycle_9_(2, 0).jpg",0,0
"Motorcycle_9_(2, 1).jpg",0,0
"Motorcycle_9_(2, 2).jpg",0,0
"Motorcycle_10_(0, 0).jpg",0,0
"Motorcycle_10_(0, 1).jpg",0,0
"Motorcycle_10_(0, 2).jpg",0,0
"Motorcycle_10_(1, 0).jpg",0,0
"Motorcycle_10_(1, 1).jpg",0,0
"Motorcycle_10_(1, 2).jpg",1,0
"Motorcycle_10_(2, 0).jpg",0,1
"Motorcycle_10_(2, 1).jpg",0,1
"Motorcycle_10_(2, 2).jpg",1,1
"Motorcycle_11_(0, 0).jpg",0,0
"Motorcycle_11_(0, 1).jpg",0,0
"Motorcycle_11_(0, 2).jpg",0,0
"Motorcycle_11_(1, 0).jpg",0,0
"Motorcycle_11_(1, 1).jpg",1,1
"Motorcycle_11_(1, 2).jpg",0,0
"Motorcycle_11_(2, 0).jpg",0,0
"Motorcycle_11_(2, 1).jpg",0,0
"Motorcycle_11_(2, 2).jpg",0,0
"Motorcycle_12_(0, 0).jpg",0,0
"Motorcycle_12_(0, 1).jpg",0,0
"Motorcycle_12_(0, 2).jpg",0,0
"Motorcycle_12_(1, 0).jpg",1,1
"Motorcycle_12_(1, 1).jpg",1,0
"Motorcycle_12_(1, 2).jpg",0,0
"Motorcycle_12_(2, 0).jpg",0,0
"Motorcycle_12_(2, 1).jpg",0,0
"Motorcycle_12_(2, 2).jpg",0,0
"Motorcycle_13_(0, 0).jpg",0,0
"Motorcycle_13_(0, 1).jpg",1,0
"Motorcycle_13_(0, 2).jpg",0,0
"Motorcycle_13_(1, 0).jpg",1,1
"Motorcycle_13_(1, 1).jpg",1,1
"Motorcycle_13_(1, 2).jpg",0,0
"Motorcycle_13_(2, 0).jpg",0,0
"Motorcycle_13_(2, 1).jpg",0,0
"Motorcycle_13_(2, 2).jpg",0,0
"Motorcycle_14_(0, 0).jpg",0,0
"Motorcycle_14_(0, 1).jpg",0,0
"Motorcycle_14_(0, 2).jpg",0,0
"Motorcycle_14_(1, 0).jpg",0,0
"Motorcycle_14_(1, 1).jpg",1,0
"Motorcycle_14_(1, 2).jpg",0,1
"Motorcycle_14_(2, 0).jpg",0,0
"Motorcycle_14_(2, 1).jpg",0,0
"Motorcycle_14_(2, 2).jpg",0,0
"Motorcycle_15_(0, 0).jpg",0,0
"Motorcycle_15_(0, 1).jpg",0,0
"Motorcycle_15_(0, 2).jpg",0,0
"Motorcycle_15_(1, 0).jpg",0,0
"Motorcycle_15_(1, 1).jpg",1,1
"Motorcycle_15_(1, 2).jpg",0,0
"Motorcycle_15_(2, 0).jpg",0,0
"Motorcycle_15_(2, 1).jpg",0,0
"Motorcycle_15_(2, 2).jpg",0,0
"Motorcycle_16_(0, 0).jpg",0,0
"Motorcycle_16_(0, 1).jpg",0,0
"Motorcycle_16_(0, 2).jpg",0,0
"Motorcycle_16_(1, 0).jpg",0,1
"Motorcycle_16_(1, 1).jpg",1,1
"Motorcycle_16_(1, 2).jpg",0,0
"Motorcycle_16_(2, 0).jpg",0,0
"Motorcycle_16_(2, 1).jpg",0,0
"Motorcycle_16_(2, 2).jpg",0,0
"Motorcycle_17_(0, 0).jpg",0,0
"Motorcycle_17_(0, 1).jpg",0,0
"Motorcycle_17_(0, 2).jpg",0,0
"Motorcycle_17_(1, 0).jpg",0,0
"Motorcycle_17_(1, 1).jpg",0,0
"Motorcycle_17_(1, 2).jpg",0,0
"Motorcycle_17_(2, 0).jpg",0,0
"Motorcycle_17_(2, 1).jpg",0,1
"Motorcycle_17_(2, 2).jpg",0,0
"Motorcycle_18_(0, 0).jpg",0,0
"Motorcycle_18_(0, 1).jpg",0,0
"Motorcycle_18_(0, 2).jpg",0,0
"Motorcycle_18_(1, 0).jpg",1,1
"Motorcycle_18_(1, 1).jpg",0,0
"Motorcycle_18_(1, 2).jpg",0,0
"Motorcycle_18_(2, 0).jpg",0,0
"Motorcycle_18_(2, 1).jpg",0,0
"Motorcycle_18_(2, 2).jpg",0,0
"Motorcycle_19_(0, 0).jpg",0,0
"Motorcycle_19_(0, 1).jpg",0,0
"Motorcycle_19_(0, 2).jpg",0,0
"Motorcycle_19_(1, 0).jpg",0,0
"Motorcycle_19_(1, 1).jpg",1,1
"Motorcycle_19_(1, 2).jpg",1,0
"Motorcycle_19_(2, 0).jpg",0,0
"Motorcycle_19_(2, 1).jpg",0,1
"Motorcycle_19_(2, 2).jpg",0,0
"Motorcycle_20_(0, 0).jpg",0,0
"Motorcycle_20_(0, 1).jpg",0,0
"Motorcycle_20_(0, 2).jpg",0,0
"Motorcycle_20_(1, 0).jpg",0,0
"Motorcycle_20_(1, 1).jpg",0,0
"Motorcycle_20_(1, 2).jpg",0,0
"Motorcycle_20_(2, 0).jpg",0,0
"Motorcycle_20_(2, 1).jpg",0,0
"Motorcycle_20_(2, 2).jpg",0,0
"Motorcycle_41_(0, 0).jpg",0,0
"Motorcycle_41_(0, 1).jpg",0,0
"Motorcycle_41_(0, 2).jpg",0,0
"Motorcycle_41_(1, 0).jpg",0,0
"Motorcycle_41_(1, 1).jpg",1,1
"Motorcycle_41_(1, 2).jpg",0,0
"Motorcycle_41_(2, 0).jpg",0,1
"Motorcycle_41_(2, 1).jpg",0,1
"Motorcycle_41_(2, 2).jpg",0,0
"Motorcycle_42_(0, 0).jpg",0,0
"Motorcycle_42_(0, 1).jpg",0,1
"Motorcycle_42_(0, 2).jpg",0,0
"Motorcycle_42_(1, 0).jpg",0,0
"Motorcycle_42_(1, 1).jpg",1,1
"Motorcycle_42_(1, 2).jpg",0,0
"Motorcycle_42_(2, 0).jpg",0,0
"Motorcycle_42_(2, 1).jpg",0,0
"Motorcycle_42_(2, 2).jpg",0,0
"Motorcycle_43_(0, 0).jpg",0,0
"Motorcycle_43_(0, 1).jpg",0,0
"Motorcycle_43_(0, 2).jpg",0,0
"Motorcycle_43_(1, 0).jpg",0,0
"Motorcycle_43_(1, 1).jpg",1,1
"Motorcycle_43_(1, 2).jpg",0,0
"Motorcycle_43_(2, 0).jpg",0,0
"Motorcycle_43_(2, 1).jpg",0,0
"Motorcycle_43_(2, 2).jpg",0,0
"Motorcycle_44_(0, 0).jpg",0,0
"Motorcycle_44_(0, 1).jpg",0,0
"Motorcycle_44_(0, 2).jpg",0,0
"Motorcycle_44_(1, 0).jpg",0,0
"Motorcycle_44_(1, 1).jpg",0,0
"Motorcycle_44_(1, 2).jpg",0,0
"Motorcycle_44_(2, 0).jpg",1,1
"Motorcycle_44_(2, 1).jpg",0,0
"Motorcycle_44_(2, 2).jpg",0,0
"Motorcycle_45_(0, 0).jpg",0,0
"Motorcycle_45_(0, 1).jpg",0,0
"Motorcycle_45_(0, 2).jpg",0,0
"Motorcycle_45_(1, 0).jpg",0,0
"Motorcycle_45_(1, 1).jpg",0,1
"Motorcycle_45_(1, 2).jpg",1,1
"Motorcycle_45_(2, 0).jpg",0,0
"Motorcycle_45_(2, 1).jpg",0,0
"Motorcycle_45_(2, 2).jpg",0,0
"Motorcycle_46_(0, 0).jpg",0,0
"Motorcycle_46_(0, 1).jpg",0,0
"Motorcycle_46_(0, 2).jpg",0,0
"Motorcycle_46_(1, 0).jpg",0,0
"Motorcycle_46_(1, 1).jpg",1,1
"Motorcycle_46_(1, 2).jpg",0,0
"Motorcycle_46_(2, 0).jpg",0,0
"Motorcycle_46_(2, 1).jpg",0,0
"Motorcycle_46_(2, 2).jpg",0,0
"Motorcycle_47_(0, 0).jpg",0,0
"Motorcycle_47_(0, 1).jpg",0,0
"Motorcycle_47_(0, 2).jpg",0,0
"Motorcycle_47_(1, 0).jpg",0,0
"Motorcycle_47_(1, 1).jpg",0,1
"Motorcycle_47_(1, 2).jpg",1,1
"Motorcycle_47_(2, 0).jpg",0,0
"Motorcycle_47_(2, 1).jpg",0,0
"Motorcycle_47_(2, 2).jpg",0,0
"Motorcycle_48_(0, 0).jpg",0,0
"Motorcycle_48_(0, 1).jpg",0,0
"Motorcycle_48_(0, 2).jpg",0,0
"Motorcycle_48_(1, 0).jpg",0,0
"Motorcycle_48_(1, 1).jpg",1,1
"Motorcycle_48_(1, 2).jpg",0,0
"Motorcycle_48_(2, 0).jpg",0,0
"Motorcycle_48_(2, 1).jpg",0,0
"Motorcycle_48_(2, 2).jpg",0,0
"Motorcycle_49_(0, 0).jpg",0,0
"Motorcycle_49_(0, 1).jpg",0,0
"Motorcycle_49_(0, 2).jpg",0,0
"Motorcycle_49_(1, 0).jpg",0,0
"Motorcycle_49_(1, 1).jpg",1,1
"Motorcycle_49_(1, 2).jpg",0,0
"Motorcycle_49_(2, 0).jpg",0,0
"Motorcycle_49_(2, 1).jpg",0,0
"Motorcycle_49_(2, 2).jpg",0,0
"Motorcycle_50_(0, 0).jpg",1,0
"Motorcycle_50_(0, 1).jpg",0,0
"Motorcycle_50_(0, 2).jpg",0,0
"Motorcycle_50_(1, 0).jpg",0,0
"Motorcycle_50_(1, 1).jpg",0,1
"Motorcycle_50_(1, 2).jpg",0,1
"Motorcycle_50_(2, 0).jpg",0,0
"Motorcycle_50_(2, 1).jpg",0,1
"Motorcycle_50_(2, 2).jpg",0,1
"Motorcycle_51_(0, 0).jpg",0,0
"Motorcycle_51_(0, 1).jpg",0,0
"Motorcycle_51_(0, 2).jpg",0,0
"Motorcycle_51_(1, 0).jpg",0,0
"Motorcycle_51_(1, 1).jpg",1,1
"Motorcycle_51_(1, 2).jpg",0,0
"Motorcycle_51_(2, 0).jpg",0,0
"Motorcycle_51_(2, 1).jpg",0,0
"Motorcycle_51_(2, 2).jpg",0,0
"Motorcycle_52_(0, 0).jpg",0,0
"Motorcycle_52_(0, 1).jpg",0,0
"Motorcycle_52_(0, 2).jpg",0,0
"Motorcycle_52_(1, 0).jpg",0,0
"Motorcycle_52_(1, 1).jpg",0,0
"Motorcycle_52_(1, 2).jpg",0,0
"Motorcycle_52_(2, 0).jpg",0,0
"Motorcycle_52_(2, 1).jpg",1,1
"Motorcycle_52_(2, 2).jpg",0,1
"Motorcycle_53_(0, 0).jpg",0,0
"Motorcycle_53_(0, 1).jpg",0,0
"Motorcycle_53_(0, 2).jpg",0,0
"Motorcycle_53_(1, 0).jpg",0,0
"Motorcycle_53_(1, 1).jpg",1,1
"Motorcycle_53_(1, 2).jpg",0,0
"Motorcycle_53_(2, 0).jpg",0,0
"Motorcycle_53_(2, 1).jpg",0,0
"Motorcycle_53_(2, 2).jpg",0,0
"Motorcycle_54_(0, 0).jpg",0,0
"Motorcycle_54_(0, 1).jpg",0,0
"Motorcycle_54_(0, 2).jpg",0,0
"Motorcycle_54_(1, 0).jpg",0,0
"Motorcycle_54_(1, 1).jpg",0,0
"Motorcycle_54_(1, 2).jpg",0,0
"Motorcycle_54_(2, 0).jpg",1,1
"Motorcycle_54_(2, 1).jpg",0,0
"Motorcycle_54_(2, 2).jpg",0,0
"Motorcycle_55_(0, 0).jpg",0,0
"Motorcycle_55_(0, 1).jpg",1,1
"Motorcycle_55_(0, 2).jpg",0,0
"Motorcycle_55_(1, 0).jpg",0,0
"Motorcycle_55_(1, 1).jpg",0,0
"Motorcycle_55_(1, 2).jpg",0,0
"Motorcycle_55_(2, 0).jpg",0,0
"Motorcycle_55_(2, 1).jpg",0,0
"Motorcycle_55_(2, 2).jpg",0,0
"Motorcycle_56_(0, 0).jpg",0,0
"Motorcycle_56_(0, 1).jpg",0,0
"Motorcycle_56_(0, 2).jpg",0,0
"Motorcycle_56_(1, 0).jpg",0,0
"Motorcycle_56_(1, 1).jpg",0,1
"Motorcycle_56_(1, 2).jpg",0,0
"Motorcycle_56_(2, 0).jpg",0,0
"Motorcycle_56_(2, 1).jpg",0,1
"Motorcycle_56_(2, 2).jpg",0,0
"Motorcycle_57_(0, 0).jpg",0,0
"Motorcycle_57_(0, 1).jpg",0,0
"Motorcycle_57_(0, 2).jpg",0,0
"Motorcycle_57_(1, 0).jpg",0,0
"Motorcycle_57_(1, 1).jpg",0,0
"Motorcycle_57_(1, 2).jpg",1,1
"Motorcycle_57_(2, 0).jpg",0,0
"Motorcycle_57_(2, 1).jpg",0,0
"Motorcycle_57_(2, 2).jpg",0,1
"Motorcycle_58_(0, 0).jpg",0,0
"Motorcycle_58_(0, 1).jpg",0,1
"Motorcycle_58_(0, 2).jpg",0,1
"Motorcycle_58_(1, 0).jpg",0,1
"Motorcycle_58_(1, 1).jpg",0,0
"Motorcycle_58_(1, 2).jpg",0,0
"Motorcycle_58_(2, 0).jpg",0,0
"Motorcycle_58_(2, 1).jpg",0,0
"Motorcycle_58_(2, 2).jpg",0,0
"Motorcycle_59_(0, 0).jpg",1,1
"Motorcycle_59_(0, 1).jpg",0,0
"Motorcycle_59_(0, 2).jpg",0,0
"Motorcycle_59_(1, 0).jpg",0,1
"Motorcycle_59_(1, 1).jpg",0,0
"Motorcycle_59_(1, 2).jpg",0,0
"Motorcycle_59_(2, 0).jpg",0,1
"Motorcycle_59_(2, 1).jpg",0,0
"Motorcycle_59_(2, 2).jpg",0,0
"Motorcycle_60_(0, 0).jpg",0,0
"Motorcycle_60_(0, 1).jpg",0,0
"Motorcycle_60_(0, 2).jpg",0,0
"Motorcycle_60_(1, 0).jpg",0,1
"Motorcycle_60_(1, 1).jpg",0,0
"Motorcycle_60_(1, 2).jpg",0,0
"Motorcycle_60_(2, 0).jpg",0,0
"Motorcycle_60_(2, 1).jpg",0,0
"Motorcycle_60_(2, 2).jpg",0,0
"Motorcycle_61_(0, 0).jpg",0,0
"Motorcycle_61_(0, 1).jpg",0,0
"Motorcycle_61_(0, 2).jpg",0,0
"Motorcycle_61_(1, 0).jpg",0,0
"Motorcycle_61_(1, 1).jpg",1,1
"Motorcycle_61_(1, 2).jpg",0,0
"Motorcycle_61_(2, 0).jpg",0,0
"Motorcycle_61_(2, 1).jpg",0,0
"Motorcycle_61_(2, 2).jpg",0,0
"Motorcycle_62_(0, 0).jpg",0,0
"Motorcycle_62_(0, 1).jpg",0,1
"Motorcycle_62_(0, 2).jpg",0,1
"Motorcycle_62_(1, 0).jpg",0,0
"Motorcycle_62_(1, 1).jpg",0,1
"Motorcycle_62_(1, 2).jpg",0,0
"Motorcycle_62_(2, 0).jpg",0,0
"Motorcycle_62_(2, 1).jpg",0,0
"Motorcycle_62_(2, 2).jpg",0,0
"Motorcycle_63_(0, 0).jpg",0,0
"Motorcycle_63_(0, 1).jpg",0,0
"Motorcycle_63_(0, 2).jpg",0,0
"Motorcycle_63_(1, 0).jpg",0,0
"Motorcycle_63_(1, 1).jpg",1,1
"Motorcycle_63_(1, 2).jpg",0,0
"Motorcycle_63_(2, 0).jpg",0,0
"Motorcycle_63_(2, 1).jpg",0,0
"Motorcycle_63_(2, 2).jpg",0,0
"Motorcycle_64_(0, 0).jpg",0,1
"Motorcycle_64_(0, 1).jpg",0,1
"Motorcycle_64_(0, 2).jpg",0,0
"Motorcycle_64_(1, 0).jpg",0,1
"Motorcycle_64_(1, 1).jpg",0,1
"Motorcycle_64_(1, 2).jpg",0,0
"Motorcycle_64_(2, 0).jpg",0,0
"Motorcycle_64_(2, 1).jpg",0,0
"Motorcycle_64_(2, 2).jpg",0,0
"Motorcycle_65_(0, 0).jpg",0,0
"Motorcycle_65_(0, 1).jpg",0,0
"Motorcycle_65_(0, 2).jpg",0,0
"Motorcycle_65_(1, 0).jpg",0,0
"Motorcycle_65_(1, 1).jpg",0,0
"Motorcycle_65_(1, 2).jpg",0,0
"Motorcycle_65_(2, 0).jpg",0,0
"Motorcycle_65_(2, 1).jpg",1,1
"Motorcycle_65_(2, 2).jpg",0,1
"Motorcycle_66_(0, 0).jpg",0,0
"Motorcycle_66_(0, 1).jpg",0,0
"Motorcycle_66_(0, 2).jpg",0,0
"Motorcycle_66_(1, 0).jpg",0,0
"Motorcycle_66_(1, 1).jpg",1,1
"Motorcycle_66_(1, 2).jpg",0,0
"Motorcycle_66_(2, 0).jpg",0,0
"Motorcycle_66_(2, 1).jpg",0,0
"Motorcycle_66_(2, 2).jpg",0,0
"Motorcycle_67_(0, 0).jpg",1,1
"Motorcycle_67_(0, 1).jpg",0,1
"Motorcycle_67_(0, 2).jpg",0,0
"Motorcycle_67_(1, 0).jpg",0,0
"Motorcycle_67_(1, 1).jpg",0,0
"Motorcycle_67_(1, 2).jpg",0,0
"Motorcycle_67_(2, 0).jpg",0,0
"Motorcycle_67_(2, 1).jpg",0,0
"Motorcycle_67_(2, 2).jpg",0,0
"Motorcycle_68_(0, 0).jpg",0,0
"Motorcycle_68_(0, 1).jpg",0,0
"Motorcycle_68_(0, 2).jpg",0,1
"Motorcycle_68_(1, 0).jpg",0,0
"Motorcycle_68_(1, 1).jpg",0,0
"Motorcycle_68_(1, 2).jpg",0,1
"Motorcycle_68_(2, 0).jpg",0,0
"Motorcycle_68_(2, 1).jpg",0,0
"Motorcycle_68_(2, 2).jpg",0,1
"Motorcycle_69_(0, 0).jpg",0,0
"Motorcycle_69_(0, 1).jpg",0,0
"Motorcycle_69_(0, 2).jpg",0,0
"Motorcycle_69_(1, 0).jpg",0,1
"Motorcycle_69_(1, 1).jpg",0,0
"Motorcycle_69_(1, 2).jpg",0,0
"Motorcycle_69_(2, 0).jpg",0,1
"Motorcycle_69_(2, 1).jpg",0,0
"Motorcycle_69_(2, 2).jpg",0,0
"Motorcycle_70_(0, 0).jpg",0,0
"Motorcycle_70_(0, 1).jpg",0,1
"Motorcycle_70_(0, 2).jpg",0,0
"Motorcycle_70_(1, 0).jpg",0,0
"Motorcycle_70_(1, 1).jpg",1,0
"Motorcycle_70_(1, 2).jpg",0,0
"Motorcycle_70_(2, 0).jpg",0,0
"Motorcycle_70_(2, 1).jpg",0,0
"Motorcycle_70_(2, 2).jpg",0,0
"Motorcycle_71_(0, 0).jpg",0,0
"Motorcycle_71_(0, 1).jpg",0,0
"Motorcycle_71_(0, 2).jpg",0,0
"Motorcycle_71_(1, 0).jpg",0,0
"Motorcycle_71_(1, 1).jpg",0,1
"Motorcycle_71_(1, 2).jpg",0,0
"Motorcycle_71_(2, 0).jpg",1,1
"Motorcycle_71_(2, 1).jpg",1,1
"Motorcycle_71_(2, 2).jpg",0,0
"Motorcycle_72_(0, 0).jpg",0,0
"Motorcycle_72_(0, 1).jpg",0,0
"Motorcycle_72_(0, 2).jpg",0,0
"Motorcycle_72_(1, 0).jpg",0,1
"Motorcycle_72_(1, 1).jpg",1,0
"Motorcycle_72_(1, 2).jpg",0,0
"Motorcycle_72_(2, 0).jpg",1,1
"Motorcycle_72_(2, 1).jpg",0,0
"Motorcycle_72_(2, 2).jpg",0,0
"Motorcycle_73_(0, 0).jpg",0,0
"Motorcycle_73_(0, 1).jpg",0,0
"Motorcycle_73_(0, 2).jpg",0,0
"Motorcycle_73_(1, 0).jpg",0,0
"Motorcycle_73_(1, 1).jpg",0,0
"Motorcycle_73_(1, 2).jpg",0,0
"Motorcycle_73_(2, 0).jpg",0,0
"Motorcycle_73_(2, 1).jpg",0,0
"Motorcycle_73_(2, 2).jpg",0,1
"Motorcycle_74_(0, 0).jpg",0,0
"Motorcycle_74_(0, 1).jpg",1,1
"Motorcycle_74_(0, 2).jpg",0,0
"Motorcycle_74_(1, 0).jpg",1,1
"Motorcycle_74_(1, 1).jpg",0,1
"Motorcycle_74_(1, 2).jpg",1,1
"Motorcycle_74_(2, 0).jpg",0,0
"Motorcycle_74_(2, 1).jpg",0,1
"Motorcycle_74_(2, 2).jpg",0,0
"Motorcycle_75_(0, 0).jpg",0,0
"Motorcycle_75_(0, 1).jpg",0,0
"Motorcycle_75_(0, 2).jpg",0,0
"Motorcycle_75_(1, 0).jpg",1,1
"Motorcycle_75_(1, 1).jpg",0,0
"Motorcycle_75_(1, 2).jpg",0,0
"Motorcycle_75_(2, 0).jpg",0,0
"Motorcycle_75_(2, 1).jpg",0,0
"Motorcycle_75_(2, 2).jpg",0,0
"Motorcycle_76_(0, 0).jpg",0,0
"Motorcycle_76_(0, 1).jpg",0,0
"Motorcycle_76_(0, 2).jpg",0,0
"Motorcycle_76_(1, 0).jpg",0,0
"Motorcycle_76_(1, 1).jpg",0,1
"Motorcycle_76_(1, 2).jpg",0,0
"Motorcycle_76_(2, 0).jpg",0,0
"Motorcycle_76_(2, 1).jpg",0,0
"Motorcycle_76_(2, 2).jpg",0,0
"Motorcycle_77_(0, 0).jpg",0,0
"Motorcycle_77_(0, 1).jpg",0,0
"Motorcycle_77_(0, 2).jpg",0,0
"Motorcycle_77_(1, 0).jpg",0,0
"Motorcycle_77_(1, 1).jpg",1,1
"Motorcycle_77_(1, 2).jpg",0,0
"Motorcycle_77_(2, 0).jpg",0,0
"Motorcycle_77_(2, 1).jpg",0,0
"Motorcycle_77_(2, 2).jpg",0,0
"Motorcycle_78_(0, 0).jpg",1,1
"Motorcycle_78_(0, 1).jpg",0,1
"Motorcycle_78_(0, 2).jpg",0,0
"Motorcycle_78_(1, 0).jpg",1,0
"Motorcycle_78_(1, 1).jpg",0,0
"Motorcycle_78_(1, 2).jpg",0,0
"Motorcycle_78_(2, 0).jpg",0,0
"Motorcycle_78_(2, 1).jpg",0,0
"Motorcycle_78_(2, 2).jpg",0,0
"Motorcycle_79_(0, 0).jpg",0,0
"Motorcycle_79_(0, 1).jpg",0,0
"Motorcycle_79_(0, 2).jpg",1,1
"Motorcycle_79_(1, 0).jpg",0,0
"Motorcycle_79_(1, 1).jpg",0,0
"Motorcycle_79_(1, 2).jpg",0,0
"Motorcycle_79_(2, 0).jpg",0,0
"Motorcycle_79_(2, 1).jpg",0,0
"Motorcycle_79_(2, 2).jpg",0,0
"Motorcycle_80_(0, 0).jpg",0,0
"Motorcycle_80_(0, 1).jpg",0,0
"Motorcycle_80_(0, 2).jpg",0,0
"Motorcycle_80_(1, 0).jpg",0,0
"Motorcycle_80_(1, 1).jpg",0,0
"Motorcycle_80_(1, 2).jpg",0,1
"Motorcycle_80_(2, 0).jpg",0,0
"Motorcycle_80_(2, 1).jpg",0,0
"Motorcycle_80_(2, 2).jpg",0,0
"Motorcycle_81_(0, 0).jpg",0,0
"Motorcycle_81_(0, 1).jpg",0,0
"Motorcycle_81_(0, 2).jpg",0,0
"Motorcycle_81_(1, 0).jpg",0,0
"Motorcycle_81_(1, 1).jpg",1,1
"Motorcycle_81_(1, 2).jpg",0,0
"Motorcycle_81_(2, 0).jpg",0,0
"Motorcycle_81_(2, 1).jpg",1,1
"Motorcycle_81_(2, 2).jpg",0,0
"Motorcycle_82_(0, 0).jpg",0,0
"Motorcycle_82_(0, 1).jpg",0,0
"Motorcycle_82_(0, 2).jpg",0,0
"Motorcycle_82_(1, 0).jpg",0,0
"Motorcycle_82_(1, 1).jpg",0,0
"Motorcycle_82_(1, 2).jpg",0,0
"Motorcycle_82_(2, 0).jpg",0,0
"Motorcycle_82_(2, 1).jpg",0,0
"Motorcycle_82_(2, 2).jpg",0,0
"Motorcycle_83_(0, 0).jpg",0,0
"Motorcycle_83_(0, 1).jpg",0,0
"Motorcycle_83_(0, 2).jpg",0,0
"Motorcycle_83_(1, 0).jpg",0,0
"Motorcycle_83_(1, 1).jpg",0,1
"Motorcycle_83_(1, 2).jpg",0,0
"Motorcycle_83_(2, 0).jpg",0,0
"Motorcycle_83_(2, 1).jpg",0,0
"Motorcycle_83_(2, 2).jpg",0,0
"Motorcycle_84_(0, 0).jpg",0,1
"Motorcycle_84_(0, 1).jpg",0,1
"Motorcycle_84_(0, 2).jpg",0,0
"Motorcycle_84_(1, 0).jpg",1,1
"Motorcycle_84_(1, 1).jpg",0,0
"Motorcycle_84_(1, 2).jpg",0,0
"Motorcycle_84_(2, 0).jpg",0,0
"Motorcycle_84_(2, 1).jpg",0,0
"Motorcycle_84_(2, 2).jpg",0,0
"Motorcycle_85_(0, 0).jpg",0,0
"Motorcycle_85_(0, 1).jpg",1,1
"Motorcycle_85_(0, 2).jpg",0,0
"Motorcycle_85_(1, 0).jpg",0,0
"Motorcycle_85_(1, 1).jpg",1,1
"Motorcycle_85_(1, 2).jpg",0,0
"Motorcycle_85_(2, 0).jpg",0,0
"Motorcycle_85_(2, 1).jpg",0,0
"Motorcycle_85_(2, 2).jpg",0,0
"Motorcycle_86_(0, 0).jpg",0,0
"Motorcycle_86_(0, 1).jpg",0,0
"Motorcycle_86_(0, 2).jpg",0,0
"Motorcycle_86_(1, 0).jpg",1,1
"Motorcycle_86_(1, 1).jpg",0,0
"Motorcycle_86_(1, 2).jpg",0,0
"Motorcycle_86_(2, 0).jpg",0,0
"Motorcycle_86_(2, 1).jpg",0,0
"Motorcycle_86_(2, 2).jpg",0,0
"Motorcycle_87_(0, 0).jpg",0,0
"Motorcycle_87_(0, 1).jpg",0,0
"Motorcycle_87_(0, 2).jpg",0,0
"Motorcycle_87_(1, 0).jpg",0,0
"Motorcycle_87_(1, 1).jpg",0,0
"Motorcycle_87_(1, 2).jpg",0,0
"Motorcycle_87_(2, 0).jpg",0,0
"Motorcycle_87_(2, 1).jpg",0,0
"Motorcycle_87_(2, 2).jpg",0,1
"Motorcycle_88_(0, 0).jpg",0,0
"Motorcycle_88_(0, 1).jpg",0,0
"Motorcycle_88_(0, 2).jpg",0,0
"Motorcycle_88_(1, 0).jpg",0,0
"Motorcycle_88_(1, 1).jpg",0,0
"Motorcycle_88_(1, 2).jpg",0,0
"Motorcycle_88_(2, 0).jpg",0,0
"Motorcycle_88_(2, 1).jpg",0,1
"Motorcycle_88_(2, 2).jpg",0,0
"Motorcycle_89_(0, 0).jpg",0,0
"Motorcycle_89_(0, 1).jpg",0,0
"Motorcycle_89_(0, 2).jpg",0,0
"Motorcycle_89_(1, 0).jpg",1,1
"Motorcycle_89_(1, 1).jpg",0,0
"Motorcycle_89_(1, 2).jpg",0,0
"Motorcycle_89_(2, 0).jpg",0,0
"Motorcycle_89_(2, 1).jpg",0,0
"Motorcycle_89_(2, 2).jpg",0,0
"Motorcycle_90_(0, 0).jpg",0,0
"Motorcycle_90_(0, 1).jpg",0,0
"Motorcycle_90_(0, 2).jpg",0,0
"Motorcycle_90_(1, 0).jpg",0,0
"Motorcycle_90_(1, 1).jpg",1,1
"Motorcycle_90_(1, 2).jpg",0,0
"Motorcycle_90_(2, 0).jpg",0,0
"Motorcycle_90_(2, 1).jpg",1,1
"Motorcycle_90_(2, 2).jpg",1,1
"Motorcycle_91_(0, 0).jpg",0,0
"Motorcycle_91_(0, 1).jpg",0,0
"Motorcycle_91_(0, 2).jpg",0,0
"Motorcycle_91_(1, 0).jpg",0,1
"Motorcycle_91_(1, 1).jpg",0,1
"Motorcycle_91_(1, 2).jpg",0,1
"Motorcycle_91_(2, 0).jpg",0,0
"Motorcycle_91_(2, 1).jpg",0,0
"Motorcycle_91_(2, 2).jpg",0,0
"Motorcycle_92_(0, 0).jpg",0,0
"Motorcycle_92_(0, 1).jpg",0,0
"Motorcycle_92_(0, 2).jpg",0,0
"Motorcycle_92_(1, 0).jpg",0,0
"Motorcycle_92_(1, 1).jpg",0,0
"Motorcycle_92_(1, 2).jpg",0,0
"Motorcycle_92_(2, 0).jpg",0,0
"Motorcycle_92_(2, 1).jpg",1,1
"Motorcycle_92_(2, 2).jpg",0,0
"Motorcycle_93_(0, 0).jpg",0,0
"Motorcycle_93_(0, 1).jpg",0,0
"Motorcycle_93_(0, 2).jpg",0,0
"Motorcycle_93_(1, 0).jpg",0,0
"Motorcycle_93_(1, 1).jpg",0,0
"Motorcycle_93_(1, 2).jpg",0,0
"Motorcycle_93_(2, 0).jpg",0,0
"Motorcycle_93_(2, 1).jpg",0,0
"Motorcycle_93_(2, 2).jpg",0,0
"Motorcycle_94_(0, 0).jpg",0,1
"Motorcycle_94_(0, 1).jpg",1,0
"Motorcycle_94_(0, 2).jpg",0,0
"Motorcycle_94_(1, 0).jpg",0,0
"Motorcycle_94_(1, 1).jpg",0,0
"Motorcycle_94_(1, 2).jpg",0,0
"Motorcycle_94_(2, 0).jpg",0,0
"Motorcycle_94_(2, 1).jpg",0,0
"Motorcycle_94_(2, 2).jpg",0,0
"Motorcycle_95_(0, 0).jpg",0,0
"Motorcycle_95_(0, 1).jpg",0,1
"Motorcycle_95_(0, 2).jpg",0,0
"Motorcycle_95_(1, 0).jpg",0,1
"Motorcycle_95_(1, 1).jpg",0,1
"Motorcycle_95_(1, 2).jpg",0,1
"Motorcycle_95_(2, 0).jpg",0,0
"Motorcycle_95_(2, 1).jpg",0,0
"Motorcycle_95_(2, 2).jpg",0,0
"Motorcycle_96_(0, 0).jpg",0,0
"Motorcycle_96_(0, 1).jpg",0,0
"Motorcycle_96_(0, 2).jpg",0,0
"Motorcycle_96_(1, 0).jpg",0,0
"Motorcycle_96_(1, 1).jpg",0,0
"Motorcycle_96_(1, 2).jpg",0,1
"Motorcycle_96_(2, 0).jpg",0,0
"Motorcycle_96_(2, 1).jpg",0,0
"Motorcycle_96_(2, 2).jpg",0,1
"Motorcycle_97_(0, 0).jpg",0,0
"Motorcycle_97_(0, 1).jpg",0,0
"Motorcycle_97_(0, 2).jpg",0,0
"Motorcycle_97_(1, 0).jpg",0,0
"Motorcycle_97_(1, 1).jpg",0,0
"Motorcycle_97_(1, 2).jpg",0,0
"Motorcycle_97_(2, 0).jpg",0,0
"Motorcycle_97_(2, 1).jpg",1,1
"Motorcycle_97_(2, 2).jpg",0,0
"Motorcycle_98_(0, 0).jpg",0,0
"Motorcycle_98_(0, 1).jpg",1,1
"Motorcycle_98_(0, 2).jpg",0,0
"Motorcycle_98_(1, 0).jpg",0,0
"Motorcycle_98_(1, 1).jpg",0,1
"Motorcycle_98_(1, 2).jpg",1,0
"Motorcycle_98_(2, 0).jpg",0,0
"Motorcycle_98_(2, 1).jpg",0,0
"Motorcycle_98_(2, 2).jpg",0,0
"Motorcycle_99_(0, 0).jpg",0,0
"Motorcycle_99_(0, 1).jpg",0,0
"Motorcycle_99_(0, 2).jpg",0,0
"Motorcycle_99_(1, 0).jpg",0,0
"Motorcycle_99_(1, 1).jpg",0,0
"Motorcycle_99_(1, 2).jpg",1,0
"Motorcycle_99_(2, 0).jpg",1,1
"Motorcycle_99_(2, 1).jpg",0,1
"Motorcycle_99_(2, 2).jpg",0,0
"Motorcycle_100_(0, 0).jpg",0,0
"Motorcycle_100_(0, 1).jpg",0,0
"Motorcycle_100_(0, 2).jpg",0,0
"Motorcycle_100_(1, 0).jpg",0,0
"Motorcycle_100_(1, 1).jpg",0,0
"Motorcycle_100_(1, 2).jpg",1,1
"Motorcycle_100_(2, 0).jpg",0,1
"Motorcycle_100_(2, 1).jpg",0,1
"Motorcycle_100_(2, 2).jpg",0,0
"Motorcycle_101_(0, 0).jpg",0,0
"Motorcycle_101_(0, 1).jpg",0,0
"Motorcycle_101_(0, 2).jpg",0,0
"Motorcycle_101_(1, 0).jpg",0,0
"Motorcycle_101_(1, 1).jpg",0,0
"Motorcycle_101_(1, 2).jpg",1,1
"Motorcycle_101_(2, 0).jpg",0,0
"Motorcycle_101_(2, 1).jpg",0,0
"Motorcycle_101_(2, 2).jpg",0,0
